Date,Open,High,Low,Close,Adj Close,Volume
01/03/2017,26.01,26.379999,25.860001,25.9,24.324486,55900
02/03/2017,25.83,25.92,25.66,25.77,24.202393,41800
03/03/2017,25.780001,26.07,25.459999,25.780001,24.211786,70400
06/03/2017,25.68,25.889999,25.440001,25.83,24.258745,42600
07/03/2017,25.700001,25.879999,25.549999,25.84,24.268139,45600
08/03/2017,25.99,26.1,25.77,26.01,24.427795,63400
09/03/2017,26.17,27.120001,26.07,26.32,24.718935,98900
10/03/2017,26.700001,26.92,26.4,26.49,24.878595,86500
13/03/2017,26.469999,26.620001,26.02,26.559999,24.944338,43300
14/03/2017,26.370001,26.5,26.18,26.309999,24.709543,77400
15/03/2017,26.370001,26.67,26.360001,26.620001,25.000685,53300
16/03/2017,26.49,26.66,26.459999,26.629999,25.01008,44500
17/03/2017,26.700001,27.15,26.629999,27.059999,25.413918,92700
20/03/2017,27.16,27.190001,26.860001,27.049999,25.404528,38300
21/03/2017,27.110001,27.26,26.469999,26.540001,24.925554,90200
22/03/2017,26.48,26.74,26.41,26.6,24.981899,64700
23/03/2017,26.6,27.440001,26.6,27.059999,25.413918,144800
24/03/2017,27.09,27.33,26.74,26.82,25.188528,117200
27/03/2017,26.709999,26.75,26.379999,26.6,24.981899,78400
28/03/2017,26.450001,26.959999,26.280001,26.93,25.29183,45300
29/03/2017,26.9,27.200001,26.73,27.08,25.432703,77300
30/03/2017,27.08,27.299999,26.85,27.040001,25.395138,79200
31/03/2017,27,27.219999,26.950001,27.120001,25.470272,109400
03/04/2017,27.040001,27.129999,26.719999,26.76,25.132172,69300
04/04/2017,26.82,26.82,26.290001,26.41,24.803457,74200
05/04/2017,26.49,26.610001,26.26,26.32,24.718935,77700
06/04/2017,26.280001,26.48,26.08,26.32,24.718935,125800
07/04/2017,26.219999,27.1,26.059999,26.860001,25.226089,164700
10/04/2017,26.959999,27.450001,26.959999,27.09,25.442097,78300
11/04/2017,27.030001,27.74,27.02,27.74,26.052555,142400
12/04/2017,27.700001,27.74,27.290001,27.299999,25.639322,105400
13/04/2017,27.15,27.370001,27,27.059999,25.413918,52300
17/04/2017,27.01,27.51,27.01,27.49,25.817766,56500
18/04/2017,27.41,27.42,27.08,27.42,25.752024,41400
19/04/2017,27.5,27.6,27.27,27.41,25.742628,43600
20/04/2017,27.469999,27.610001,27.33,27.58,25.90229,93200
21/04/2017,27.57,27.709999,27.469999,27.639999,25.958637,69600
24/04/2017,27.76,28.17,27.639999,28.15,26.437614,219800
25/04/2017,28.459999,28.82,28.299999,28.58,26.841455,66400
26/04/2017,28.57,28.959999,28.32,28.82,27.066856,154100
27/04/2017,28.120001,28.389999,27.01,27.16,25.507843,227700
28/04/2017,27.27,27.75,27.24,27.35,25.686277,97100
01/05/2017,27.33,27.559999,27.18,27.32,25.658104,39600
02/05/2017,27.469999,28.07,27.41,27.58,25.90229,63900
03/05/2017,27.59,27.59,27.139999,27.26,25.601755,113400
04/05/2017,27.290001,27.32,26.969999,27.24,25.58297,73500
05/05/2017,27.469999,27.469999,26.92,27.25,25.592363,93200
08/05/2017,27.24,27.26,26.860001,26.98,25.338787,52900
09/05/2017,27.1,27.4,26.99,27.26,25.601755,73300
10/05/2017,27.17,27.59,27.120001,27.26,25.601755,70300
11/05/2017,27.07,27.16,26.629999,26.969999,25.375942,54300
12/05/2017,26.85,27.02,26.690001,26.709999,25.131304,56000
15/05/2017,26.799999,27.139999,26.469999,26.49,24.924311,107700
16/05/2017,26.450001,26.530001,25.98,26.17,24.623222,128300
17/05/2017,25.860001,26,25.41,25.559999,24.049278,107200
18/05/2017,25.620001,25.82,25.27,25.610001,24.096323,135800
19/05/2017,25.66,26.42,25.530001,26.08,24.538544,112500
22/05/2017,26.1,26.26,25.889999,26.139999,24.594999,72700
23/05/2017,26.25,26.25,25.98,26.129999,24.58559,51000
24/05/2017,26.129999,26.209999,25.91,26.110001,24.566772,41000
25/05/2017,26.26,26.280001,26,26.09,24.547953,50200
26/05/2017,26.1,26.360001,25.780001,26.219999,24.670271,81100
30/05/2017,26.290001,26.440001,25.92,26.32,24.764362,150900
31/05/2017,26.43,26.49,25.93,26.290001,24.736135,94600
01/06/2017,26.48,26.65,26.24,26.629999,25.056034,64500
02/06/2017,26.629999,27.379999,26.629999,26.91,25.319487,81100
05/06/2017,26.9,26.93,26.59,26.73,25.150127,54200
06/06/2017,26.67,26.68,26.440001,26.530001,24.961945,73000
07/06/2017,26.43,26.43,26.1,26.23,24.67968,52800
08/06/2017,26.360001,26.559999,26.139999,26.41,24.849037,63400
09/06/2017,26.35,26.690001,26.35,26.559999,24.990173,83300
12/06/2017,26.530001,26.84,26.530001,26.74,25.159536,109500
13/06/2017,26.780001,27.040001,26.65,26.889999,25.300669,126600
14/06/2017,26.879999,27.09,26.74,26.889999,25.300669,111100
15/06/2017,26.68,27.120001,26.68,27,25.404169,88600
16/06/2017,26.77,27.01,26.77,26.92,25.328899,104400
19/06/2017,26.99,27.139999,26.799999,26.879999,25.291258,83100
20/06/2017,26.799999,27.16,26.610001,26.76,25.178352,58200
21/06/2017,26.780001,26.84,26.49,26.559999,24.990173,81900
22/06/2017,26.59,26.709999,26.42,26.549999,24.980766,29700
23/06/2017,26.639999,26.709999,26.4,26.629999,25.056034,185600
26/06/2017,26.639999,26.93,26.610001,26.82,25.234808,124800
27/06/2017,26.67,26.959999,26.67,26.790001,25.206579,40900
28/06/2017,26.879999,26.969999,26.76,26.85,25.263035,30400
29/06/2017,26.780001,26.99,26.690001,26.99,25.394762,53000
30/06/2017,27,27.08,26.76,26.959999,25.366535,55800
03/07/2017,27,27.26,27,27.219999,25.611162,26400
05/07/2017,27.209999,27.42,26.709999,26.98,25.385351,92500
06/07/2017,26.93,26.93,26.51,26.57,24.999586,85800
07/07/2017,26.59,26.93,26.59,26.879999,25.291258,82200
10/07/2017,26.870001,27.02,26.370001,26.43,24.867855,52600
11/07/2017,26.42,26.549999,26.200001,26.379999,24.820818,65000
12/07/2017,26.5,27.049999,26.4,26.530001,24.961945,68600
13/07/2017,26.530001,26.82,26.27,26.82,25.234808,70000
14/07/2017,26.809999,27.209999,26.450001,26.700001,25.121902,62100
17/07/2017,26.690001,27.049999,26.540001,26.690001,25.11249,107200
18/07/2017,26.68,26.879999,26.110001,26.23,24.67968,127300
19/07/2017,26.219999,26.51,26.209999,26.360001,24.801994,108000
20/07/2017,26.389999,26.450001,26.120001,26.35,24.792589,41200
21/07/2017,26.540001,26.610001,26.23,26.389999,24.830225,87600
24/07/2017,26.379999,26.59,26.200001,26.540001,24.971355,303700
25/07/2017,26.6,27.059999,26.469999,26.799999,25.215986,86800
26/07/2017,26.82,26.82,26.41,26.49,24.924311,68000
27/07/2017,25.6,26.08,24.07,24.23,22.79789,317900
28/07/2017,24.09,24.940001,23.59,24.91,23.437695,455900
31/07/2017,24.9,25.08,24.370001,24.389999,22.948433,172100
01/08/2017,24.540001,24.73,24.34,24.709999,23.249514,90500
02/08/2017,24.77,24.860001,24.57,24.83,23.362429,237100
03/08/2017,24.860001,24.969999,24.68,24.77,23.305971,61800
04/08/2017,24.76,24.889999,24.549999,24.620001,23.164837,72900
07/08/2017,24.610001,24.799999,24.16,24.24,22.807295,100900
08/08/2017,24.219999,24.84,24.1,24.32,22.88257,84400
09/08/2017,24.200001,24.549999,23.73,24.52,23.070749,78000
10/08/2017,24.389999,24.59,24.27,24.34,22.948179,44300
11/08/2017,24.84,24.91,24.190001,24.219999,22.835045,122500
14/08/2017,24.27,24.65,24.27,24.48,23.080179,52900
15/08/2017,24.51,24.51,24,24.07,22.693619,116200
16/08/2017,24.110001,24.59,24.110001,24.17,22.787905,54600
17/08/2017,24.09,24.4,23.9,23.92,22.552195,59400
18/08/2017,23.83,24.35,23.67,24.15,22.769051,60900
21/08/2017,24.139999,24.16,23.959999,24.110001,22.731333,43900
22/08/2017,24.360001,24.52,23.959999,24.309999,22.919897,55800
23/08/2017,24.129999,24.51,23.77,24.280001,22.891615,126800
24/08/2017,24.41,24.959999,24.219999,24.34,22.948179,131300
25/08/2017,24.26,24.799999,24.26,24.389999,22.995323,99500
28/08/2017,24.42,24.530001,24.08,24.299999,22.910467,99500
29/08/2017,24.24,24.52,24.190001,24.27,22.882183,108000
30/08/2017,24.27,24.4,23.91,24.219999,22.835045,141200
31/08/2017,24.27,24.540001,24.27,24.49,23.089611,223200
01/09/2017,24.51,24.58,24.290001,24.299999,22.910467,63300
05/09/2017,24.280001,24.5,24.049999,24.209999,22.825613,94300
06/09/2017,24.209999,24.32,23.9,23.959999,22.589909,83700
07/09/2017,24.02,24.059999,23.5,23.57,22.222216,177800
08/09/2017,23.549999,23.889999,23.15,23.309999,21.977077,208800
11/09/2017,23.370001,23.67,23.370001,23.5,22.156214,99500
12/09/2017,23.450001,24.110001,23.450001,23.91,22.54277,74100
13/09/2017,23.879999,24.27,23.879999,24.15,22.769051,125000
14/09/2017,24.129999,24.469999,23.780001,23.969999,22.599337,103100
15/09/2017,24,24.190001,23.799999,23.92,22.552195,316100
18/09/2017,23.950001,24.35,23.889999,24.200001,22.816187,121500
19/09/2017,24.15,24.379999,24.110001,24.17,22.787905,123300
20/09/2017,24.190001,24.74,24.040001,24.5,23.09903,156900
21/09/2017,24.530001,24.98,24.51,24.9,23.476158,187400
22/09/2017,24.860001,25.129999,24.860001,24.969999,23.542156,148400
25/09/2017,25,25.299999,24.959999,25.219999,23.777857,198300
26/09/2017,25.280001,25.51,25.190001,25.4,23.947571,87400
27/09/2017,25.540001,25.780001,25.219999,25.74,24.268129,111100
28/09/2017,25.719999,26.059999,25.530001,25.92,24.437834,106800
29/09/2017,25.879999,25.879999,25.530001,25.6,24.136131,60700
02/10/2017,25.620001,25.799999,25.549999,25.73,24.258698,70900
03/10/2017,25.84,25.93,25.549999,25.93,24.447262,72400
04/10/2017,26,26.16,25.870001,25.92,24.437834,80400
05/10/2017,25.92,26.08,25.809999,25.84,24.362408,154900
06/10/2017,25.790001,25.950001,25.469999,25.530001,24.070135,65100
09/10/2017,25.469999,25.540001,25.290001,25.370001,23.919287,47600
10/10/2017,25.549999,25.690001,25.4,25.620001,24.154993,54300
11/10/2017,25.709999,25.709999,25.33,25.4,23.947571,33100
12/10/2017,25.299999,25.52,25.27,25.4,23.947571,27600
13/10/2017,25.440001,25.49,25.280001,25.32,23.872137,52500
16/10/2017,25.299999,25.51,25.25,25.43,23.975855,56900
17/10/2017,25.48,25.48,24.99,25,23.57044,97900
18/10/2017,25.07,25.23,24.969999,24.99,23.561016,36500
19/10/2017,24.91,25.17,24.82,24.99,23.561016,77600
20/10/2017,25.09,25.15,24.700001,24.709999,23.29702,123300
23/10/2017,24.66,24.74,24.26,24.5,23.09903,126600
24/10/2017,24.549999,24.85,24.32,24.5,23.09903,219000
25/10/2017,24.33,24.530001,23.92,24.01,22.637054,149900
26/10/2017,23.6,25.91,23.6,25.9,24.418976,285400
27/10/2017,25.959999,25.959999,25.43,25.58,24.117275,97000
30/10/2017,25.610001,25.969999,25.219999,25.4,23.947571,99300
31/10/2017,25.459999,25.950001,25.389999,25.9,24.418976,71600
01/11/2017,26,26,25.370001,25.709999,24.239841,91600
02/11/2017,25.889999,26.059999,25.809999,25.940001,24.45669,77100
03/11/2017,25.940001,26,25.66,25.74,24.268129,48700
06/11/2017,25.620001,25.84,25.51,25.700001,24.230415,57600
07/11/2017,25.76,25.82,25.26,25.4,23.947571,92800
08/11/2017,25.299999,25.360001,25.059999,25.15,23.711864,62000
09/11/2017,25.030001,25.219999,24.940001,25.030001,23.598728,71000
10/11/2017,25.030001,25.1,24.879999,24.889999,23.537256,55100
13/11/2017,24.85,25.280001,24.540001,24.629999,23.291388,69200
14/11/2017,24.5,24.690001,24.459999,24.57,23.23465,52200
15/11/2017,24.459999,24.85,24.459999,24.629999,23.291388,120900
16/11/2017,24.459999,24.780001,24.459999,24.68,23.338669,133900
17/11/2017,24.559999,25.040001,24.549999,24.969999,23.612911,137100
20/11/2017,24.959999,25.059999,24.73,24.799999,23.45215,61500
21/11/2017,24.860001,25.09,24.549999,25.07,23.707476,95400
22/11/2017,25.18,25.200001,24.969999,25.01,23.650736,38800
24/11/2017,25.110001,25.110001,24.57,24.74,23.395414,35700
27/11/2017,24.74,25.059999,24.74,24.93,23.575085,68900
28/11/2017,25.030001,25.290001,24.879999,25.219999,23.849319,79100
29/11/2017,25.24,25.860001,24.809999,25.790001,24.388344,139900
30/11/2017,26.01,26.030001,25.48,25.620001,24.227589,105800
01/12/2017,25.709999,25.790001,25.290001,25.67,24.274866,87800
04/12/2017,25.889999,26.059999,25.709999,25.92,24.511278,66400
05/12/2017,25.92,26.190001,25.76,26.120001,24.700409,78700
06/12/2017,26.1,26.57,25.709999,26.49,25.050297,100400
07/12/2017,26.469999,26.67,26.219999,26.52,25.078672,82900
08/12/2017,26.530001,26.780001,26.34,26.629999,25.182686,535800
11/12/2017,26.639999,26.66,26.23,26.34,24.908451,80200
12/12/2017,26.360001,26.5,26.200001,26.33,24.898996,78500
13/12/2017,26.27,26.540001,26.15,26.299999,24.870628,70700
14/12/2017,26.290001,26.290001,25.83,25.84,24.435625,58300
15/12/2017,25.860001,26.32,25.860001,26.209999,24.785519,199800
18/12/2017,26.379999,26.469999,26.139999,26.23,24.804432,107200
19/12/2017,26.32,26.5,26.18,26.27,24.842258,125400
20/12/2017,26.35,26.35,25.9,26.01,24.596388,75200
21/12/2017,26.120001,26.120001,25.879999,25.9,24.492365,91300
22/12/2017,26.07,26.120001,25.530001,25.75,24.350517,81200
26/12/2017,25.77,25.84,25.6,25.65,24.255951,39900
27/12/2017,25.59,25.799999,25.59,25.68,24.284321,44900
28/12/2017,25.690001,26.17,25.690001,26.08,24.662582,61300
29/12/2017,26.129999,26.129999,25.690001,25.709999,24.312693,56900
02/01/2018,25.719999,25.98,25.57,25.959999,24.549105,105300
03/01/2018,25.959999,26.309999,25.639999,26.209999,24.785519,119400
04/01/2018,26.4,26.709999,26.27,26.459999,25.021929,130600
05/01/2018,26.52,26.67,26.27,26.42,24.984104,69900
08/01/2018,26.42,26.809999,26.280001,26.709999,25.258341,110500
09/01/2018,26.799999,26.799999,26.110001,26.15,24.728779,76400
10/01/2018,26.049999,26.32,26.01,26.219999,24.794975,97900
11/01/2018,26.219999,26.559999,26.219999,26.41,24.974646,82900
12/01/2018,26.41,26.6,26.34,26.6,25.15432,135000
16/01/2018,26.66,27.139999,26.65,26.73,25.277258,88900
17/01/2018,26.860001,26.860001,26.139999,26.440001,25.003016,162300
18/01/2018,26.450001,26.5,25.969999,26.110001,24.690952,159300
19/01/2018,26.08,26.48,25.709999,26.110001,24.690952,175900
22/01/2018,26.08,26.389999,25.790001,26.35,24.917912,86800
23/01/2018,26.370001,26.65,25.950001,26.610001,25.163776,53700
24/01/2018,26.77,27.23,26.559999,27.110001,25.636602,167500
25/01/2018,27.16,27.25,26.73,26.98,25.513672,190800
26/01/2018,27.1,27.67,26.620001,26.99,25.523127,73400
29/01/2018,27,27.01,26.76,26.76,25.305624,435000
30/01/2018,26.690001,26.91,26.66,26.83,25.37182,125100
31/01/2018,26.889999,27,26.24,26.629999,25.182686,316600
01/02/2018,26.51,26.700001,26.08,26.469999,25.031384,112600
02/02/2018,26.450001,26.6,26.190001,26.290001,24.861172,81700
05/02/2018,26.23,26.58,25.48,25.6,24.208672,207800
06/02/2018,25.27,26.059999,25.15,25.860001,24.454538,169000
07/02/2018,25.76,26.35,25.549999,26.25,24.823349,125300
08/02/2018,26.32,26.32,25.799999,25.84,24.435625,84200
09/02/2018,25.959999,25.959999,25.299999,25.77,24.440372,107400
12/02/2018,25.690001,25.77,25.33,25.549999,24.231714,75400
13/02/2018,25.459999,25.799999,25.26,25.52,24.203268,70900
14/02/2018,25.309999,25.68,25.299999,25.43,24.117912,80800
15/02/2018,25.620001,26.5,25.620001,26.25,24.895607,144400
16/02/2018,26.49,27.9,26.48,27.639999,26.213884,211200
20/02/2018,27.49,27.76,27.309999,27.59,26.166462,113400
21/02/2018,27.57,27.83,27.32,27.35,25.938848,51300
22/02/2018,27.389999,27.559999,27.08,27.32,25.910395,69300
23/02/2018,27.370001,27.620001,27.26,27.51,26.090593,47300
26/02/2018,27.799999,27.870001,27.549999,27.809999,26.375113,96300
27/02/2018,27.92,28.030001,27.51,27.57,26.147493,70300
28/02/2018,27.65,27.719999,27.209999,27.219999,25.815552,61700
01/03/2018,27.15,27.639999,27.139999,27.559999,26.138012,184300
02/03/2018,27.41,28.15,27.41,27.85,26.413048,149200
05/03/2018,27.85,28.040001,27.51,27.690001,26.261301,90400
06/03/2018,27.67,28.129999,27.450001,28.049999,26.602728,88700
07/03/2018,27.92,28.049999,27.799999,27.969999,26.526859,57100
08/03/2018,28.02,28.16,27.870001,28,26.555309,61800
09/03/2018,28.120001,28.27,28.01,28.1,26.65015,149400
12/03/2018,28.290001,28.42,28.120001,28.290001,26.830349,99600
13/03/2018,28.34,28.49,27.940001,28.01,26.564793,110100
14/03/2018,28.08,28.459999,28.01,28.33,26.868279,108300
15/03/2018,28.299999,28.540001,28.08,28.290001,26.830349,237700
16/03/2018,28.35,28.57,28.209999,28.41,26.944153,125100
19/03/2018,28.41,28.719999,28.16,28.42,26.953634,65000
20/03/2018,28.48,28.77,28.09,28.190001,26.735504,47200
21/03/2018,28.209999,28.469999,28.110001,28.18,26.726021,61500
22/03/2018,28.110001,28.25,27.799999,27.83,26.394079,69600
23/03/2018,27.83,28.25,27.43,27.440001,26.024204,144000
26/03/2018,27.74,27.77,27.32,27.620001,26.194916,72800
27/03/2018,27.610001,27.889999,27.35,27.49,26.071623,64900
28/03/2018,27.459999,27.76,27.27,27.65,26.223368,86300
29/03/2018,27.75,28.07,27.59,27.66,26.232853,91100
02/04/2018,27.610001,27.860001,27.1,27.27,25.862974,78300
03/04/2018,27.43,27.5,27.01,27.35,25.938848,291900
04/04/2018,27.18,27.73,27.059999,27.639999,26.213884,121600
05/04/2018,27.75,28.059999,27.530001,27.889999,26.450983,92400
06/04/2018,27.83,28.200001,27.540001,27.76,26.327694,115100
09/04/2018,27.940001,28.110001,27.76,27.780001,26.346661,60800
10/04/2018,27.98,28.08,27.76,27.83,26.394079,95300
11/04/2018,27.809999,27.879999,27.48,27.65,26.223368,67500
12/04/2018,27.790001,27.790001,27.610001,27.629999,26.204399,69100
13/04/2018,27.75,27.84,27.58,27.84,26.403564,153000
16/04/2018,28,28.27,27.93,28.17,26.716532,242700
17/04/2018,28.25,28.4,28.16,28.299999,26.839834,125500
18/04/2018,28.32,28.549999,28.32,28.459999,26.991573,57500
19/04/2018,28.360001,28.51,28.27,28.32,26.858797,35000
20/04/2018,28.25,28.540001,28.16,28.450001,26.982094,97300
23/04/2018,28.459999,28.469999,28.110001,28.23,26.773439,77000
24/04/2018,28.360001,28.93,28.35,28.58,27.105385,123200
25/04/2018,28.35,28.959999,27.139999,27.57,26.147493,308200
26/04/2018,27.540001,27.65,26.559999,26.66,25.284447,277500
27/04/2018,26.690001,27.18,26.690001,26.85,25.464647,173600
30/04/2018,26.77,26.950001,25.889999,26.030001,24.686954,151500
01/05/2018,26.01,26.32,25.450001,26.27,24.914572,164900
02/05/2018,26.24,26.43,26.040001,26.27,24.914572,118200
03/05/2018,26.110001,26.24,25.66,25.68,24.355009,712600
04/05/2018,25.690001,26.190001,25.58,26.08,24.734373,199000
07/05/2018,26.049999,26.49,25.77,26.059999,24.715408,58800
08/05/2018,26.02,26.120001,25.76,25.889999,24.554174,64000
09/05/2018,25.860001,25.98,25.709999,25.73,24.402431,93100
10/05/2018,25.709999,25.709999,25.360001,25.58,24.26017,140900
11/05/2018,25.389999,25.719999,25.370001,25.700001,24.445654,90800
14/05/2018,25.700001,25.790001,25.469999,25.540001,24.293467,106100
15/05/2018,25.48,25.559999,25.299999,25.33,24.093714,96700
16/05/2018,25.360001,25.610001,25.18,25.549999,24.302973,149600
17/05/2018,25.549999,25.639999,25.34,25.48,24.236389,79800
18/05/2018,25.4,25.67,25.33,25.549999,24.302973,124300
21/05/2018,25.59,25.76,25.360001,25.629999,24.37907,108100
22/05/2018,25.66,25.66,25.35,25.360001,24.122246,179200
23/05/2018,25.370001,25.440001,25.02,25.17,23.941523,76600
24/05/2018,25.1,25.139999,24.85,25,23.779819,121800
25/05/2018,25,25.27,25,25.16,23.932011,83600
29/05/2018,24.99,25.4,24.889999,25.040001,23.817867,80900
30/05/2018,25.25,25.58,25.09,25.360001,24.122246,94300
31/05/2018,25.290001,25.32,25.049999,25.15,23.922497,82400
01/06/2018,25.200001,25.200001,24.58,24.6,23.399342,89300
04/06/2018,24.629999,24.77,24.42,24.629999,23.427877,101200
05/06/2018,24.57,24.940001,24.469999,24.84,23.627626,97300
06/06/2018,24.9,25.35,24.08,25.24,24.008102,267600
07/06/2018,25.32,25.370001,24.959999,25.200001,23.970057,81700
08/06/2018,25.219999,25.360001,25.02,25.15,23.922497,64700
11/06/2018,25.190001,25.280001,25.030001,25.07,23.846399,59600
12/06/2018,25.17,25.17,24.799999,25.07,23.846399,78300
13/06/2018,25.030001,25.049999,24.68,24.690001,23.484951,67000
14/06/2018,24.790001,24.790001,24.4,24.559999,23.361292,66200
15/06/2018,24.530001,24.700001,24.48,24.639999,23.437389,81800
18/06/2018,24.639999,24.77,24.549999,24.6,23.399342,39200
19/06/2018,24.59,24.73,24.42,24.690001,23.484951,48900
20/06/2018,24.77,24.91,24.58,24.74,23.532509,72900
21/06/2018,24.75,24.84,24.549999,24.790001,23.580072,85400
22/06/2018,24.85,24.959999,24.469999,24.73,23.522995,191100
25/06/2018,24.559999,24.74,24.41,24.66,23.456415,76500
26/06/2018,24.58,24.879999,24.389999,24.790001,23.580072,55400
27/06/2018,24.799999,25.110001,24.59,25.040001,23.817867,71400
28/06/2018,25.02,25.049999,24.65,24.700001,23.494461,84900
29/06/2018,24.74,24.83,24.450001,24.549999,23.35178,95300
02/07/2018,24.32,24.74,24.32,24.67,23.465925,61000
03/07/2018,24.799999,25.01,24.700001,24.83,23.618118,50900
05/07/2018,24.85,24.959999,24.690001,24.9,23.6847,59000
06/07/2018,24.98,25.030001,24.700001,24.790001,23.580072,51400
09/07/2018,24.950001,25.23,24.83,24.950001,23.732256,92000
10/07/2018,24.950001,25.1,24.780001,24.83,23.618118,107200
11/07/2018,24.75,25.07,24.75,24.84,23.627626,81900
12/07/2018,24.879999,24.98,24.66,24.969999,23.751282,35000
13/07/2018,24.969999,25.290001,24.92,25.02,23.798838,55700
16/07/2018,25.049999,25.129999,24.809999,24.92,23.703722,49000
17/07/2018,24.92,25,24.809999,24.950001,23.732256,58300
18/07/2018,24.959999,25,24.530001,24.780001,23.570555,48800
19/07/2018,24.780001,24.860001,24.59,24.75,23.542019,49400
20/07/2018,24.700001,24.99,24.700001,24.73,23.522995,78100
23/07/2018,24.73,24.959999,24.73,24.92,23.703722,49100
24/07/2018,24.9,24.950001,24.719999,24.809999,23.599092,43200
25/07/2018,24.799999,24.940001,24.379999,24.540001,23.34227,44900
26/07/2018,24.57,24.73,24.299999,24.629999,23.427877,65700
27/07/2018,24.719999,24.799999,24.299999,24.32,23.133011,50300
30/07/2018,24.25,24.6,24.02,24.09,22.91423,72900
31/07/2018,24.09,25.049999,24.09,24.99,23.770311,143700
01/08/2018,23.639999,24.34,22.16,23.92,22.752527,191900
02/08/2018,23.77,24.08,23.290001,23.709999,22.552778,123900
03/08/2018,23.780001,23.85,23.34,23.49,22.343517,116000
06/08/2018,23.639999,24.33,23.59,24.25,23.066423,86600
07/08/2018,24.25,24.469999,24.02,24.280001,23.094965,73400
08/08/2018,24.16,24.299999,23.959999,23.99,22.819115,89700
09/08/2018,24.030001,24.190001,23.6,23.639999,22.486195,65500
10/08/2018,23.48,23.780001,23.43,23.540001,22.391079,28200
13/08/2018,23.32,23.559999,23.09,23.25,22.185917,108200
14/08/2018,23.18,23.35,22.93,23.02,21.966444,72200
15/08/2018,22.93,23.27,22.889999,23.15,22.090492,77100
16/08/2018,23.23,23.67,23.23,23.5,22.424475,84300
17/08/2018,23.450001,23.639999,23.309999,23.4,22.32905,58900
20/08/2018,23.379999,23.610001,22.99,23.549999,22.472187,79600
21/08/2018,23.790001,24.07,23.67,23.969999,22.872963,77700
22/08/2018,23.9,24.09,23.35,23.379999,22.309969,120100
23/08/2018,23.35,23.379999,23.110001,23.24,22.176374,97800
24/08/2018,23.26,23.360001,23.17,23.219999,22.157291,83900
27/08/2018,23.190001,23.790001,23.1,23.66,22.57715,141200
28/08/2018,23.66,23.68,23.25,23.389999,22.31951,50000
29/08/2018,23.32,23.5,23.1,23.17,22.109575,42000
30/08/2018,23.18,23.18,22.889999,22.940001,21.890104,113500
31/08/2018,22.879999,23.07,22.65,22.77,21.727888,77600
04/09/2018,22.709999,22.799999,22.370001,22.42,21.393902,61600
05/09/2018,22.35,22.48,22.25,22.379999,21.35573,95500
06/09/2018,22.459999,22.459999,22.27,22.4,21.374815,87100
07/09/2018,22.370001,22.77,22.23,22.65,21.613377,103700
10/09/2018,22.75,22.799999,22.190001,22.370001,21.346193,89800
11/09/2018,22.309999,22.629999,22.200001,22.58,21.546581,108000
12/09/2018,22.530001,22.68,22.15,22.4,21.374815,102100
13/09/2018,22.43,22.67,22.25,22.290001,21.269854,63200
14/09/2018,22.290001,22.559999,22.23,22.43,21.403446,59600
17/09/2018,22.43,22.57,22.15,22.16,21.145805,54500
18/09/2018,22.15,22.42,22,22.1,21.088551,142500
19/09/2018,22.049999,22.139999,21.950001,22.049999,21.04084,147600
20/09/2018,22.139999,22.49,22.129999,22.450001,21.422531,70800
21/09/2018,22.469999,22.549999,22.370001,22.379999,21.35573,335600
24/09/2018,22.33,22.559999,21.889999,21.91,20.907246,104900
25/09/2018,21.91,22.08,21.809999,21.85,20.849991,107200
26/09/2018,21.889999,22.129999,21.67,21.790001,20.792738,170700
27/09/2018,21.700001,21.82,21.52,21.530001,20.544636,82200
28/09/2018,21.52,21.700001,21.49,21.549999,20.563715,98900
01/10/2018,21.530001,21.889999,21.5,21.709999,20.716396,91200
02/10/2018,21.77,21.809999,21.440001,21.459999,20.477839,92200
03/10/2018,21.6,21.6,21.139999,21.17,20.201111,75000
04/10/2018,21.08,21.09,20.66,20.780001,19.828964,85200
05/10/2018,20.83,20.83,20.42,20.76,19.809875,75600
08/10/2018,20.75,20.889999,20.59,20.809999,19.857588,57100
09/10/2018,20.76,20.950001,20.709999,20.76,19.809875,45900
10/10/2018,20.76,20.93,20.58,20.610001,19.666739,97200
11/10/2018,20.57,20.74,20.209999,20.26,19.33276,124300
12/10/2018,20.51,20.52,20.25,20.469999,19.533144,140800
15/10/2018,20.42,20.57,20.030001,20.41,19.475897,84800
16/10/2018,20.49,20.709999,20.35,20.67,19.723995,69400
17/10/2018,20.629999,20.790001,20.59,20.65,19.704908,85700
18/10/2018,20.58,20.58,20.07,20.23,19.304132,81100
19/10/2018,20.190001,20.459999,20.049999,20.049999,19.13237,53400
22/10/2018,20.01,20.110001,19.67,19.799999,18.893812,65600
23/10/2018,19.6,19.85,19.200001,19.440001,18.550287,110100
24/10/2018,19.370001,19.549999,19.16,19.16,18.283104,74800
25/10/2018,19.23,19.51,19.139999,19.32,18.43578,90300
26/10/2018,19.120001,19.35,18.9,19.17,18.292646,101300
29/10/2018,19.290001,19.52,18.790001,18.889999,18.025461,68200
30/10/2018,18.91,19.120001,18.540001,18.870001,18.006376,254400
31/10/2018,19.110001,19.290001,18.889999,19.059999,18.187683,175300
01/11/2018,18.780001,18.780001,14.57,14.97,14.284867,822500
02/11/2018,15.02,15.42,14.9,15.34,14.637935,305000
05/11/2018,15.3,16.629999,15.3,15.73,15.010085,263000
06/11/2018,15.75,16.23,15.74,16.120001,15.382236,133600
07/11/2018,16.09,16.35,15.7,16.209999,15.468117,205300
08/11/2018,16.77,17.559999,16.73,17.01,16.231504,271700
09/11/2018,17.1,17.469999,16.950001,17.200001,16.485497,229800
12/11/2018,17.059999,17.23,16.870001,17.049999,16.341726,146300
13/11/2018,16.9,17.33,16.9,16.92,16.217125,139700
14/11/2018,16.969999,16.99,16.200001,16.290001,15.6133,216600
15/11/2018,16.24,16.530001,16.110001,16.48,15.795402,115700
16/11/2018,16.389999,16.709999,16.32,16.610001,15.920007,93000
19/11/2018,16.549999,16.629999,16.129999,16.139999,15.469527,128600
20/11/2018,15.99,16.32,15.63,15.67,15.019052,171100
21/11/2018,15.77,16.6,15.77,16.41,15.728312,121700
23/11/2018,16.389999,16.389999,16.1,16.15,15.479114,32300
26/11/2018,16.33,16.48,16.059999,16.360001,15.680388,143000
27/11/2018,16.34,16.34,16.110001,16.219999,15.546206,83900
28/11/2018,16.24,16.5,16.049999,16.5,15.814574,147700
29/11/2018,16.469999,16.870001,16.34,16.790001,16.092527,174100
30/11/2018,16.790001,17.049999,16.48,17.040001,16.332138,177100
03/12/2018,17.1,17.48,16.790001,17.190001,16.475912,236800
04/12/2018,17.299999,17.389999,16.450001,16.51,15.824158,300000
06/12/2018,16.299999,16.629999,16,16.459999,15.776234,324900
07/12/2018,16.459999,16.58,15.98,16.040001,15.373684,147200
10/12/2018,16.02,16.280001,15.64,16.110001,15.440776,152200
11/12/2018,16.16,16.34,15.91,16.059999,15.392851,75500
12/12/2018,16.290001,16.68,16.059999,16.41,15.728312,403600
13/12/2018,16.4,16.469999,15.69,15.77,15.1149,102200
14/12/2018,15.66,15.71,15.46,15.47,14.827361,147300
17/12/2018,15.4,15.4,14.72,14.77,14.156439,181400
18/12/2018,14.88,15.19,14.74,14.86,14.2427,169600
19/12/2018,14.86,15.43,14.86,14.89,14.271455,121000
20/12/2018,14.85,15.16,14.75,14.76,14.146854,140800
21/12/2018,14.88,15.25,14.7,14.71,14.098931,355100
24/12/2018,14.63,14.77,14.5,14.5,13.897656,135500
26/12/2018,14.52,15.17,14.52,15.13,14.501485,237300
27/12/2018,14.95,15.35,14.86,15.33,14.693176,200700
28/12/2018,15.31,15.78,15.31,15.61,14.961545,158700
31/12/2018,15.64,15.71,15.3,15.5,14.856115,150100
02/01/2019,15.32,15.86,15.29,15.59,14.942376,129600
03/01/2019,15.51,15.71,15.27,15.39,14.750685,136500
04/01/2019,15.53,16.08,15.53,15.94,15.277837,182700
07/01/2019,15.94,16.200001,15.81,16.129999,15.459944,79600
08/01/2019,16.280001,16.51,16.23,16.49,15.80499,101500
09/01/2019,16.5,16.870001,16.49,16.58,15.891248,61700
10/01/2019,16.57,16.879999,16.5,16.639999,15.948758,80500
11/01/2019,16.540001,17.02,16.5,16.98,16.274633,91600
14/01/2019,16.860001,17.07,16.780001,16.860001,16.159616,97800
15/01/2019,16.82,17,16.58,16.99,16.284218,107800
16/01/2019,17.07,17.389999,16.969999,17,16.293798,133500
17/01/2019,17.780001,19.379999,17.76,19.26,18.459923,846900
18/01/2019,19.33,19.790001,19.1,19.629999,18.814547,321400
22/01/2019,19.4,19.870001,18.82,19.68,18.862474,171900
23/01/2019,19.77,19.91,19.4,19.66,18.843306,126400
24/01/2019,19.700001,19.780001,19.530001,19.75,18.929565,69400
25/01/2019,19.959999,19.959999,19.42,19.43,18.622854,70500
28/01/2019,19.4,19.75,19.4,19.68,18.862474,83100
29/01/2019,19.690001,19.84,19.559999,19.709999,18.891222,82800
30/01/2019,19.82,19.85,19.5,19.610001,18.795383,137800
31/01/2019,19.540001,19.66,19.290001,19.450001,18.642027,95000
01/02/2019,19.610001,19.76,19.32,19.709999,18.891222,74800
04/02/2019,19.6,19.84,19.6,19.74,18.919983,83800
05/02/2019,19.73,19.879999,19.629999,19.75,18.929565,55600
06/02/2019,19.77,19.790001,19.33,19.41,18.603689,76400
07/02/2019,19.34,19.48,18.889999,19.290001,18.488676,94500
08/02/2019,19.15,19.15,18.549999,18.74,18.031628,79400
11/02/2019,18.700001,19.18,18.549999,18.92,18.204823,164600
12/02/2019,18.9,19.440001,18.85,19.379999,18.647434,126800
13/02/2019,19.549999,19.67,19.35,19.41,18.676302,45800
14/02/2019,19.299999,19.5,19.09,19.129999,18.406887,89700
15/02/2019,19.200001,19.639999,19.18,19.59,18.849499,146000
19/02/2019,19.5,19.6,19.1,19.549999,18.811008,138100
20/02/2019,19.66,20.059999,19.52,19.92,19.167027,133400
21/02/2019,19.74,20.790001,19.530001,20.190001,19.426821,167000
22/02/2019,20.389999,21.08,20.379999,21,20.206202,434100
25/02/2019,21.1,21.34,20.940001,21.17,20.369774,145900
26/02/2019,21.17,21.540001,21.040001,21.16,20.360153,158600
27/02/2019,21.139999,21.290001,20.799999,20.98,20.186954,77400
28/02/2019,20.879999,21.1,20.59,21.01,20.215826,124400
01/03/2019,21.16,21.43,21.040001,21.43,20.619946,95300
04/03/2019,21.52,21.610001,21.32,21.389999,20.581457,103900
05/03/2019,21.41,21.65,21.280001,21.549999,20.735405,110900
06/03/2019,21.48,21.48,20.66,20.780001,19.99452,94700
07/03/2019,20.809999,20.809999,20.34,20.57,19.792454,95800
08/03/2019,20.41,21.1,20.41,20.99,20.196579,138000
11/03/2019,21.030001,21.1,20.709999,20.889999,20.100357,74500
12/03/2019,20.790001,20.91,20.34,20.370001,19.600018,101800
13/03/2019,20.299999,20.33,19.99,20.1,19.340219,103600
14/03/2019,20.139999,20.18,19.9,19.950001,19.19589,73600
15/03/2019,19.950001,20.059999,19.65,19.690001,18.945719,252800
18/03/2019,19.76,20.059999,19.76,20.01,19.253626,165900
19/03/2019,20.01,20.33,19.99,20.09,19.330599,79500
20/03/2019,20.049999,20.049999,19.389999,19.43,18.695543,127900
21/03/2019,19.43,19.76,19.379999,19.59,18.849499,98000
22/03/2019,19.51,19.530001,18.799999,18.83,18.118229,131600
25/03/2019,18.84,19,18.559999,18.91,18.195202,117000
26/03/2019,18.99,19.190001,18.940001,19.139999,18.41651,39700
27/03/2019,19.040001,19.23,18.879999,19.110001,18.387644,74900
28/03/2019,19.18,19.290001,19.040001,19.219999,18.493486,57100
29/03/2019,19.18,19.33,18.969999,19.25,18.522352,86700
01/04/2019,19.25,19.42,19.139999,19.190001,18.464619,48600
02/04/2019,19.190001,19.299999,18.959999,19.15,18.426132,79400
03/04/2019,19.049999,19.389999,19.049999,19.139999,18.41651,98900
04/04/2019,19.200001,19.450001,19.200001,19.43,18.695543,73900
05/04/2019,19.450001,19.6,19.32,19.35,18.618572,40400
08/04/2019,19.27,19.49,19.01,19.459999,18.724411,78300
09/04/2019,19.43,19.43,18.85,18.879999,18.166334,53800
10/04/2019,18.85,19.17,18.82,19.129999,18.406887,51200
11/04/2019,19.120001,19.190001,18.85,18.860001,18.147091,31700
12/04/2019,19,19.49,18.870001,19.440001,18.705168,110000
15/04/2019,19.4,19.440001,19.23,19.280001,18.551218,45900
16/04/2019,19.360001,19.360001,18.93,19.059999,18.339535,63100
17/04/2019,19.16,19.290001,18.889999,19.26,18.531975,76300
18/04/2019,19.209999,19.43,19.09,19.41,18.676302,57900
22/04/2019,19.309999,19.35,18.52,18.68,17.973892,59700
23/04/2019,18.67,18.950001,18.610001,18.870001,18.156715,75100
24/04/2019,18.889999,19.34,18.790001,19.25,18.522352,102200
25/04/2019,19.120001,19.129999,18.790001,18.84,18.127848,129700
26/04/2019,18.889999,18.98,18.629999,18.690001,17.983521,63800
29/04/2019,18.67,18.860001,18.35,18.459999,17.762211,132400
30/04/2019,18.52,18.58,17.26,17.549999,16.886612,286700
01/05/2019,17.530001,17.74,17.25,17.309999,16.655684,198600
02/05/2019,16.85,17.940001,16.58,17.77,17.098295,280100
03/05/2019,17.969999,18.719999,17.84,18.299999,17.608257,178500
06/05/2019,17.959999,18.74,17.959999,18.610001,17.906542,263100
07/05/2019,18.4,18.75,18.35,18.690001,17.983521,179400
08/05/2019,18.629999,19.059999,18.540001,18.74,18.031628,82700
09/05/2019,18.58,19.26,18.5,19.219999,18.493486,89700
10/05/2019,19.049999,19.5,19.049999,19.43,18.768785,72800
13/05/2019,19.139999,19.59,19.02,19.43,18.768785,115600
14/05/2019,19.450001,19.73,19.290001,19.370001,18.710827,102700
15/05/2019,19.18,19.76,19.02,19.549999,18.884701,81500
16/05/2019,19.6,19.879999,19.59,19.65,18.9813,78900
17/05/2019,19.469999,19.959999,19.469999,19.559999,18.894361,91600
20/05/2019,19.450001,19.879999,19.42,19.610001,18.942663,92100
21/05/2019,19.68,20.33,19.68,20.309999,19.618839,96500
22/05/2019,20.209999,20.52,20.049999,20.209999,19.522238,73200
23/05/2019,20.059999,20.379999,19.98,20.18,19.493265,71500
24/05/2019,20.290001,20.620001,20.209999,20.57,19.869989,68500
28/05/2019,20.52,20.620001,19.629999,19.65,18.9813,77500
29/05/2019,19.610001,19.610001,19.110001,19.18,18.527296,83000
30/05/2019,19.26,19.290001,18.799999,19,18.35342,92700
31/05/2019,18.73,18.790001,17.809999,18.219999,17.599964,197000
03/06/2019,18.16,18.459999,18,18.370001,17.744862,193600
04/06/2019,18.5,19.049999,18.48,18.969999,18.32444,69100
05/06/2019,18.99,19.33,18.51,18.790001,18.150566,78700
06/06/2019,18.790001,18.85,18.57,18.74,18.10227,86800
07/06/2019,18.870001,19.02,18.5,18.799999,18.160227,99000
10/06/2019,18.790001,19.209999,18.780001,18.9,18.256821,96000
11/06/2019,19,19.139999,18.52,18.610001,17.97669,84200
12/06/2019,18.57,19,18.530001,18.82,18.179546,62300
13/06/2019,19.030001,19.33,18.93,19.27,18.614231,80700
14/06/2019,19.209999,19.66,19.15,19.52,18.855724,46000
17/06/2019,19.559999,19.68,19.33,19.4,18.739805,39100
18/06/2019,19.469999,19.85,19.299999,19.34,18.68185,49000
19/06/2019,18.629999,19.43,18.620001,19.4,18.739805,65900
20/06/2019,19.57,19.57,19.27,19.35,18.691509,72700
21/06/2019,19.17,19.280001,18.969999,19.110001,18.459677,77600
24/06/2019,19.030001,19.26,18.700001,18.98,18.334101,72400
25/06/2019,18.92,18.969999,18.58,18.73,18.092609,65900
26/06/2019,18.76,18.77,18.51,18.73,18.092609,48700
27/06/2019,18.719999,18.92,18.51,18.82,18.179546,60600
28/06/2019,18.82,19.08,18.74,19.01,18.363079,295200
01/07/2019,19.07,19.219999,18.57,18.67,18.034649,97400
02/07/2019,18.73,18.870001,18.549999,18.84,18.198864,42800
03/07/2019,18.799999,18.969999,18.790001,18.950001,18.30512,11700
05/07/2019,18.809999,19.049999,18.66,19.02,18.372738,49700
08/07/2019,18.969999,18.969999,18.43,18.459999,17.831799,39700
09/07/2019,18.42,18.42,18.110001,18.23,17.609625,47000
10/07/2019,18.280001,18.59,18.209999,18.57,17.938051,67700
11/07/2019,18.559999,18.610001,18.26,18.379999,17.754519,40300
12/07/2019,18.360001,18.690001,18.33,18.58,17.947714,43700
15/07/2019,18.629999,18.709999,18.309999,18.67,18.034649,47300
16/07/2019,18.610001,18.84,18.459999,18.5,17.870436,46000
17/07/2019,18.440001,18.5,18.129999,18.309999,17.686901,52700
18/07/2019,18.219999,18.379999,18.040001,18.200001,17.580645,42900
19/07/2019,18.139999,18.35,18.07,18.09,17.474386,50000
22/07/2019,18.09,18.48,18.07,18.440001,17.812479,47500
23/07/2019,18.49,18.51,18,18.469999,17.841457,92700
24/07/2019,18.389999,18.82,18.299999,18.780001,18.140907,45700
25/07/2019,18.790001,19.120001,18.77,18.940001,18.295464,60600
26/07/2019,19.01,19.309999,19.01,19.15,18.498314,32700
29/07/2019,19.120001,19.469999,19,19.35,18.691509,49800
30/07/2019,19.27,19.559999,19.07,19.459999,18.797762,61500
31/07/2019,19.459999,19.68,19.040001,19.120001,18.469339,118000
01/08/2019,19.860001,22.940001,19.75,22.34,21.579758,151400
02/08/2019,22.219999,22.6,21.620001,21.92,21.174049,78800
05/08/2019,21.620001,22.68,21.620001,22.5,21.734308,118500
06/08/2019,22.559999,22.950001,22.200001,22.34,21.579758,124700
07/08/2019,22.17,22.719999,22.110001,22.25,21.492819,86800
08/08/2019,22.4,22.77,22.17,22.6,21.830914,180800
09/08/2019,22.4,22.860001,22.389999,22.450001,21.758221,84800
12/08/2019,22.35,22.610001,22.16,22.219999,21.535309,66100
13/08/2019,22.25,22.639999,21.73,21.85,21.176706,77000
14/08/2019,21.690001,22.27,21.67,22.18,21.496542,127500
15/08/2019,22.26,22.620001,21.969999,22,21.322088,83900
16/08/2019,22.07,22.639999,22,22.49,21.796989,81800
19/08/2019,22.629999,22.83,22.540001,22.65,21.952057,44200
20/08/2019,22.540001,22.75,22.17,22.200001,21.515926,42200
21/08/2019,22.200001,22.219999,21.790001,21.83,21.157326,43000
22/08/2019,21.92,22.09,21.469999,21.51,20.847183,58300
23/08/2019,21.4,21.459999,20.799999,20.99,20.343208,98200
26/08/2019,21.1,21.639999,21.09,21.52,20.856876,73200
27/08/2019,21.639999,21.719999,20.91,20.959999,20.314133,55200
28/08/2019,20.860001,21.32,20.860001,21.129999,20.478893,64500
29/08/2019,21.34,21.459999,21.059999,21.1,20.44982,36300
30/08/2019,21.120001,21.389999,21.01,21.27,20.614582,101600
03/09/2019,21.200001,21.33,20.65,21.129999,20.478893,55300
04/09/2019,21.23,21.27,20.99,21.08,20.430435,34900
05/09/2019,21.25,21.610001,21,21.309999,20.653349,57500
06/09/2019,21.4,21.700001,21.16,21.190001,20.537046,70000
09/09/2019,21.23,21.620001,21.16,21.389999,20.730885,50200
10/09/2019,21.389999,22.33,21.25,21.9,21.225168,102200
11/09/2019,21.969999,22.549999,21.969999,22.540001,21.845449,93000
12/09/2019,22.639999,22.85,22.360001,22.450001,21.758221,131600
13/09/2019,22.65,22.889999,22.48,22.690001,21.990829,81000
16/09/2019,22.66,22.67,22.41,22.5,21.806679,144800
17/09/2019,22.48,22.809999,22.4,22.639999,21.942366,72200
18/09/2019,22.790001,22.940001,22.389999,22.41,21.719456,147500
19/09/2019,22.4,22.700001,22.200001,22.219999,21.535309,67700
20/09/2019,22.26,22.32,21.709999,21.76,21.089483,170200
23/09/2019,21.629999,21.950001,21.59,21.59,20.924723,88500
24/09/2019,21.67,21.85,21.26,21.280001,20.624275,103300
25/09/2019,21.35,21.75,21.35,21.700001,21.031334,85900
26/09/2019,21.66,21.860001,21.09,21.299999,20.643658,56800
27/09/2019,21.299999,21.41,20.82,20.91,20.265673,48500
30/09/2019,20.82,21.120001,20.42,20.440001,19.810162,70400
01/10/2019,20.68,21.049999,20.5,20.620001,19.984615,112900
02/10/2019,20.469999,20.959999,20.41,20.92,20.27537,96700
03/10/2019,20.91,21.08,20.52,20.75,20.110605,112300
04/10/2019,20.68,20.83,20.43,20.610001,19.974918,94800
07/10/2019,20.540001,20.99,20.5,20.620001,19.984615,165700
08/10/2019,20.540001,21.32,20.51,20.969999,20.32383,226200
09/10/2019,20.969999,21.530001,20.700001,20.860001,20.217216,64200
10/10/2019,20.950001,21.48,20.9,21.309999,20.653349,109700
11/10/2019,21.5,21.74,21.27,21.299999,20.643658,82600
14/10/2019,21.09,21.42,21.08,21.33,20.672735,66000
15/10/2019,21.389999,21.610001,21.360001,21.49,20.827803,116300
16/10/2019,21.42,21.49,21.07,21.08,20.430435,74400
17/10/2019,21.209999,21.639999,21.1,21.49,20.827803,115200
18/10/2019,21.389999,21.610001,21.389999,21.469999,20.808416,85700
21/10/2019,21.610001,21.940001,21.610001,21.68,21.01195,79900
22/10/2019,21.629999,21.790001,21.379999,21.389999,20.730885,39100
23/10/2019,21.4,21.530001,21.370001,21.459999,20.798729,67100
24/10/2019,21.6,21.639999,21.4,21.6,20.934412,74300
25/10/2019,21.59,22.129999,21.540001,22,21.322088,114900
28/10/2019,22.02,22.93,22.02,22.780001,22.078053,173400
29/10/2019,22.9,26.700001,22.6,26.559999,25.741571,555000
30/10/2019,26.6,26.809999,25.629999,26.16,25.353899,181000
31/10/2019,26.129999,26.27,25.540001,25.76,24.966228,122700
01/11/2019,25.76,26.84,25.690001,26.299999,25.489584,86900
04/11/2019,26.200001,26.25,25.43,25.629999,24.840231,60100
05/11/2019,25.809999,26.129999,25.549999,25.59,24.801466,65300
06/11/2019,25.49,25.77,24.969999,25.040001,24.268415,80300
07/11/2019,24.99,25.469999,24.68,25.42,24.710716,105800
08/11/2019,25.379999,25.5,24.799999,24.870001,24.176064,44600
11/11/2019,24.66,24.98,24.23,24.299999,23.621967,62200
12/11/2019,24.33,24.790001,24.27,24.709999,24.020521,59400
13/11/2019,24.620001,24.66,24.27,24.4,23.719179,35400
14/11/2019,24.450001,24.75,24.280001,24.5,23.816389,63000
15/11/2019,24.65,24.65,24.209999,24.309999,23.631689,46900
18/11/2019,24.299999,24.42,24.139999,24.370001,23.690016,48900
19/11/2019,24.200001,24.35,24.120001,24.129999,23.456711,107100
20/11/2019,24.059999,24.33,24,24.200001,23.524757,125200
21/11/2019,24.309999,24.35,23.950001,23.99,23.320618,36000
22/11/2019,24.059999,24.059999,23.67,23.68,23.019268,46800
25/11/2019,23.860001,24.34,23.709999,24.040001,23.369223,57100
26/11/2019,24.02,24.209999,23.860001,24.049999,23.378944,81700
27/11/2019,24.049999,24.25,23.73,23.75,23.087317,94700
29/11/2019,23.68,24.26,23.68,24.049999,23.378944,51700
02/12/2019,24.08,24.42,23.889999,24.35,23.670574,78600
03/12/2019,24.65,25.690001,24.530001,25.4,24.691275,218900
04/12/2019,25.68,26.889999,25.530001,26.49,25.750858,220600
05/12/2019,26.639999,26.66,25.889999,26.33,25.595327,135400
06/12/2019,26.5,26.709999,25.940001,26.059999,25.332857,227900
09/12/2019,26.15,27.139999,26.15,27,26.24663,152800
10/12/2019,27.049999,27.530001,26.540001,27.08,26.324394,117000
11/12/2019,27.200001,27.65,26.98,27.48,26.713238,96200
12/12/2019,27.41,27.799999,27.34,27.620001,26.849327,81600
13/12/2019,28.07,28.280001,27.709999,28.26,27.471474,99400
16/12/2019,28.389999,28.5,27.5,27.719999,26.946539,139700
17/12/2019,27.65,27.67,26.91,27.33,26.567425,251300
18/12/2019,27.52,27.52,26.85,27.200001,26.441053,84500
19/12/2019,27.23,27.23,26.549999,26.74,25.993885,82600
20/12/2019,26.67,26.790001,26.209999,26.360001,25.624489,172600
23/12/2019,26.309999,26.389999,25.9,26.219999,25.488396,78200
24/12/2019,26.23,26.299999,26.07,26.290001,25.556442,34800
26/12/2019,26.309999,26.309999,25.66,25.780001,25.060669,44100
27/12/2019,25.790001,25.85,25.57,25.68,24.963461,62500
30/12/2019,25.700001,25.85,25.27,25.73,25.012066,68300
31/12/2019,25.690001,25.92,25.52,25.6,24.885695,59700
02/01/2020,25.620001,25.620001,25,25.27,24.564901,74300
03/01/2020,25.059999,25.51,25,25.43,24.720438,81800
06/01/2020,25.34,25.73,25.16,25.690001,24.973186,77600
07/01/2020,25.709999,26.040001,25.27,25.32,24.613508,94400
08/01/2020,25.200001,25.32,25.02,25.280001,24.574623,66000
09/01/2020,25.209999,25.48,25.049999,25.08,24.380203,54700
10/01/2020,25.059999,25.219999,24.700001,25.200001,24.496853,60800
13/01/2020,25.15,25.25,25,25.17,24.46769,39100
14/01/2020,25.120001,25.360001,24.879999,25.309999,24.603786,47300
15/01/2020,25.24,25.629999,25.23,25.620001,24.905138,38500
16/01/2020,25.66,26.110001,25.65,25.74,25.021788,105900
17/01/2020,25.99,25.99,25.41,25.690001,24.973186,84000
21/01/2020,25.5,25.629999,25.299999,25.48,24.769041,187300
22/01/2020,25.52,25.700001,24.9,25.02,24.321878,49300
23/01/2020,24.940001,24.940001,24.129999,24.450001,23.767784,69400
24/01/2020,24.610001,24.77,24.23,24.49,23.806665,62700
27/01/2020,24.209999,24.65,24.040001,24.42,23.738619,40900
28/01/2020,24.5,24.6,24.33,24.459999,23.777502,35200
29/01/2020,24.450001,24.459999,24.219999,24.27,23.592804,39000
30/01/2020,24.09,24.27,23.82,24.15,23.476152,103200
31/01/2020,24.09,24.110001,23.5,23.67,23.009546,86400
03/02/2020,23.809999,24.059999,23.76,23.889999,23.223406,59000
04/02/2020,24.129999,24.530001,23.889999,24.360001,23.680292,89500
05/02/2020,24.57,24.67,23.83,24.370001,23.690016,115700
06/02/2020,24.549999,24.66,24.299999,24.549999,23.86499,51500
07/02/2020,24.4,24.43,23.74,23.91,23.314074,45500
10/02/2020,23.85,24.559999,23.85,24.530001,23.918623,58800
11/02/2020,24.559999,24.9,24.43,24.73,24.113636,77800
12/02/2020,24.77,24.77,24.309999,24.41,23.801613,52000
13/02/2020,24.52,24.76,24.379999,24.75,24.133137,38500
14/02/2020,24.82,24.82,24.450001,24.549999,23.93812,63700
18/02/2020,24.549999,24.82,24.41,24.42,23.811361,44300
19/02/2020,24.459999,25.459999,24.459999,25,24.376907,153300
20/02/2020,24.5,25,21.25,22.200001,21.646692,359700
21/02/2020,21.940001,22.02,21.33,21.9,21.354166,182700
24/02/2020,21.450001,21.559999,20.370001,20.530001,20.018314,137500
25/02/2020,20.5,20.700001,20.190001,20.309999,19.803801,204500
26/02/2020,20.48,21.23,20.32,21.1,20.574108,186800
27/02/2020,21.09,21.5,20.639999,20.83,20.310837,202700
28/02/2020,20.5,21.190001,20.5,21.15,20.62286,192700
02/03/2020,21.25,21.379999,20.08,20.299999,19.794046,167300
03/03/2020,20.23,20.4,19.33,19.549999,19.06274,200300
04/03/2020,19.700001,20.370001,19.450001,20.299999,19.794046,182300
05/03/2020,20.35,21.120001,20.24,20.9,20.379095,161200
06/03/2020,20.49,20.940001,20.17,20.6,20.086571,153900
09/03/2020,20.030001,20.32,19.1,19.299999,18.81897,176200
10/03/2020,19.620001,19.940001,18.23,18.83,18.360687,337100
11/03/2020,18.43,18.5,16.92,17.33,16.898073,143100
12/03/2020,16.4,17.549999,15.67,15.71,15.318448,200300
13/03/2020,16.209999,17.1,15.61,16.780001,16.36178,278300
16/03/2020,15.47,16,14.01,14.07,13.719322,195700
17/03/2020,14.35,16.1,14.08,15.63,15.240441,189000
18/03/2020,15.13,16.67,14.92,16.17,15.766982,340300
19/03/2020,16.620001,18.15,14.91,15.17,14.791907,247400
20/03/2020,15.34,16.74,15.34,15.46,15.074679,272800
23/03/2020,15.93,16.68,14.05,14.1,13.748576,269200
24/03/2020,14.6,15.13,13.93,14.99,14.616393,150100
25/03/2020,15.05,15.67,14.58,14.74,14.372623,181300
26/03/2020,14.81,15.39,14.02,14.24,13.885085,247400
27/03/2020,14.04,15.75,13.6,15.51,15.123434,260400
30/03/2020,16.26,17.93,15.96,17.09,16.664053,380200
31/03/2020,17.82,17.85,16.02,16.15,15.747481,237000
01/04/2020,15.95,16.379999,15.36,15.72,15.328199,189400
02/04/2020,15.4,15.87,14.62,14.9,14.528635,170800
03/04/2020,14.99,15.11,13.92,13.96,13.612063,146600
06/04/2020,14.22,14.81,13.71,14.23,13.875334,413100
07/04/2020,14.51,15.16,14.41,14.73,14.362872,383400
08/04/2020,14.88,15.47,14.61,15.08,14.704151,225000
09/04/2020,15.33,15.88,15.26,15.72,15.328199,164900
13/04/2020,15.66,15.78,15.01,15.19,14.811408,135400
14/04/2020,15.7,15.89,15,15.4,15.016174,231100
15/04/2020,15.07,15.41,14.23,14.49,14.128854,188300
16/04/2020,14.56,14.59,13.54,13.8,13.456052,203200
17/04/2020,14.07,15.12,14.05,14.96,14.58714,227200
20/04/2020,14.67,15.41,14.43,15.21,14.83091,160800
21/04/2020,14.71,15.1,14.34,14.85,14.479883,188400
22/04/2020,15.08,15.08,14.62,14.83,14.46038,113600
23/04/2020,14.97,15.22,14.75,14.99,14.616393,93700
24/04/2020,15.14,15.16,14.68,14.75,14.382375,87400
27/04/2020,14.75,15.41,14.75,15.11,14.733401,364800
28/04/2020,15.5,15.95,15.3,15.91,15.513462,145300
29/04/2020,16.190001,17.35,16.15,17.280001,16.849319,279600
30/04/2020,16.780001,16.83,14.55,15.02,14.645647,653000
01/05/2020,14.7,15.07,14.6,14.81,14.44088,153600
04/05/2020,14.6,15.04,14.24,14.77,14.401875,187000
05/05/2020,15.1,15.44,14.66,14.77,14.401875,190800
06/05/2020,15,15.32,14.88,15.01,14.635895,201600
07/05/2020,15.28,15.39,14.93,15.27,14.889415,179100
08/05/2020,15.6,15.98,15.3,15.86,15.541041,128000
11/05/2020,15.98,16.02,15.47,15.84,15.521442,170900
12/05/2020,15.83,15.88,15.48,15.5,15.188281,165900
13/05/2020,15.36,15.5,14.26,14.47,14.178995,491200
14/05/2020,14.11,14.32,13.84,14.27,13.983018,194100
15/05/2020,14.24,14.45,14.11,14.38,14.090806,107100
18/05/2020,14.95,15.52,14.78,15.32,15.011901,138400
19/05/2020,15.4,16.389999,15.27,15.79,15.472449,286800
20/05/2020,17.360001,19.98,17.299999,19.27,18.882463,646800
21/05/2020,19.200001,19.219999,18.33,18.6,18.225937,267000
22/05/2020,18.73,18.969999,18.23,18.49,18.118147,155600
26/05/2020,19.07,19.290001,18.43,18.459999,18.088753,148500
27/05/2020,18.49,19.16,17.959999,18.940001,18.559097,121100
28/05/2020,19.15,19.32,18.4,18.52,18.147547,119400
29/05/2020,18.26,18.780001,18.139999,18.719999,18.343521,178500
01/06/2020,18.92,18.93,18.35,18.370001,18.000563,178300
02/06/2020,18.370001,18.91,18.32,18.67,18.294529,199600
03/06/2020,19.09,20.09,19.040001,19.92,19.51939,213900
04/06/2020,19.9,19.9,19,19.299999,18.911856,140100
05/06/2020,19.6,20.02,19.540001,19.799999,19.401802,156500
08/06/2020,20.17,20.99,19.959999,20.889999,20.469883,146700
09/06/2020,20.51,20.629999,19.67,20.24,19.832954,178100
10/06/2020,20.389999,20.84,19.6,19.67,19.274418,119100
11/06/2020,18.99,19.08,18.280001,18.370001,18.000563,202800
12/06/2020,19.08,19.1,18.08,18.74,18.363121,163300
15/06/2020,18.33,19.42,18.209999,19.120001,18.735479,141200
16/06/2020,19.5,19.629999,18.790001,19.459999,19.06864,167000
17/06/2020,19.450001,19.450001,18.82,18.99,18.608095,99000
18/06/2020,18.83,19.280001,18.83,19.17,18.784475,156000
19/06/2020,19.360001,19.389999,18.66,19.120001,18.735479,213100
22/06/2020,19.26,19.26,18.540001,18.98,18.598295,203100
23/06/2020,19.219999,19.219999,18.639999,18.67,18.294529,91900
24/06/2020,18.48,18.540001,18.08,18.110001,17.74579,160700
25/06/2020,18.059999,18.059999,17.67,18.02,17.657602,127300
26/06/2020,17.799999,17.9,17.43,17.77,17.41263,229100
29/06/2020,18.01,18.450001,17.809999,18.25,17.882975,140300
30/06/2020,18.09,18.73,17.969999,18.120001,17.75559,181500
01/07/2020,18.139999,18.209999,17.629999,17.82,17.461624,133300
02/07/2020,18.18,18.35,17.57,17.66,17.304844,91400
06/07/2020,18.15,18.15,17.58,17.92,17.559612,126800
07/07/2020,17.67,18,17.469999,17.85,17.491022,198400
08/07/2020,17.82,17.82,17.4,17.6,17.246048,186400
09/07/2020,17.49,17.57,16.74,17.110001,16.765903,175700
10/07/2020,17.08,17.58,17.08,17.57,17.21665,83000
13/07/2020,17.879999,18.389999,17.75,17.85,17.491022,172900
14/07/2020,17.940001,18.18,17.75,18.08,17.716394,97000
15/07/2020,18.34,18.98,18.34,18.73,18.353321,151700
16/07/2020,18.65,19.030001,18.469999,18.950001,18.568897,124100
17/07/2020,18.959999,19.049999,18.459999,18.559999,18.186741,90400
20/07/2020,18.389999,18.43,17.790001,18.08,17.716394,130500
21/07/2020,18.299999,18.82,18.09,18.58,18.206341,113300
22/07/2020,18.43,18.82,18.32,18.75,18.372921,99900
23/07/2020,18.92,19.610001,18.809999,19.4,19.00985,390800
24/07/2020,19.450001,19.629999,18.77,18.9,18.519903,67000
27/07/2020,18.940001,19.469999,18.629999,19.42,19.029446,100600
28/07/2020,19.299999,19.959999,18.91,19.65,19.254818,144500
29/07/2020,21.870001,23.9,21.450001,23.299999,22.831413,369500
30/07/2020,22.92,23.17,22.25,23.1,22.635439,216100
31/07/2020,22.77,22.879999,21.200001,22.110001,21.665348,235800
03/08/2020,22.42,22.459999,21.780001,22.25,21.80253,176200
04/08/2020,22.18,22.65,22.110001,22.34,21.890722,101600
05/08/2020,22.59,22.700001,22.18,22.450001,21.998508,135500
06/08/2020,22.5,22.92,22.41,22.66,22.204285,119500
07/08/2020,22.559999,23.17,22.530001,23.07,22.694172,156600
10/08/2020,23.07,23.799999,23.07,23.469999,23.087656,108400
11/08/2020,23.700001,24.01,23.299999,23.43,23.048307,107900
12/08/2020,23.790001,23.790001,23.17,23.440001,23.058147,70400
13/08/2020,23.23,23.4,22.889999,23.219999,22.841728,66500
14/08/2020,23.07,23.17,22.82,22.969999,22.5958,49500
17/08/2020,23.02,23.040001,22.76,22.82,22.448244,57500
18/08/2020,22.73,22.73,22.309999,22.5,22.133459,76400
19/08/2020,22.440001,23.389999,22.440001,22.860001,22.487595,91000
20/08/2020,22.559999,22.65,22.360001,22.450001,22.084274,52800
21/08/2020,22.290001,22.35,22.18,22.309999,21.946554,86500
24/08/2020,22.370001,22.85,22.18,22.709999,22.340036,71600
25/08/2020,22.99,23.16,22.48,22.57,22.202318,83000
26/08/2020,22.51,22.51,22.120001,22.200001,21.838346,55500
27/08/2020,22.110001,22.610001,22.110001,22.52,22.153135,61300
28/08/2020,22.690001,22.690001,22.200001,22.370001,22.005579,31500
31/08/2020,22.290001,22.32,21.950001,22.139999,21.779324,94200
01/09/2020,22.030001,22.290001,21.98,22.27,21.907207,68800
02/09/2020,22.27,22.6,22.1,22.49,22.123621,74100
03/09/2020,22.549999,22.559999,21.92,22.09,21.730139,112800
04/09/2020,22.43,22.43,21.85,22.15,21.78916,66100
08/09/2020,22.030001,22.030001,21.41,21.52,21.169422,72200
09/09/2020,21.559999,22.360001,21.559999,21.9,21.54323,125900
10/09/2020,21.9,22.09,21.27,21.290001,20.943171,157100
11/09/2020,21.379999,21.379999,20.68,21.190001,20.844801,170800
14/09/2020,21.5,22.33,21.32,22.190001,21.82851,165600
15/09/2020,22.440001,22.65,21.1,21.17,20.825125,79400
16/09/2020,21.18,21.620001,21.059999,21.35,21.002193,92300
17/09/2020,21.120001,21.200001,20.889999,21.02,20.67757,67200
18/09/2020,21.200001,21.59,20.99,21.459999,21.110401,179000
21/09/2020,21.049999,21.049999,20.370001,20.879999,20.53985,130500
22/09/2020,21.02,21.02,20.219999,20.379999,20.047995,53400
23/09/2020,20.24,20.92,20.24,20.809999,20.470989,92200
24/09/2020,20.860001,21.309999,20.709999,21.049999,20.707081,73700
25/09/2020,20.860001,21.530001,20.860001,21.309999,20.962843,81800
28/09/2020,21.559999,22.23,21.530001,21.99,21.631767,87000
29/09/2020,22.08,22.110001,21.74,21.82,21.464539,57900
30/09/2020,21.719999,22.4,21.690001,22.309999,21.946554,69700
01/10/2020,22.290001,22.549999,21.959999,22.51,22.143295,73400
02/10/2020,22.299999,23.549999,22.26,23.5,23.117168,102500
05/10/2020,23.57,24.43,23.57,24.360001,23.96316,142500
06/10/2020,24.370001,24.48,23.48,23.58,23.195866,116800
07/10/2020,23.77,24.27,23.52,23.57,23.186029,92200
08/10/2020,23.75,23.98,23.700001,23.790001,23.402443,84900
09/10/2020,23.85,24.370001,23.719999,24,23.609024,67100
12/10/2020,23.99,24.34,23.790001,24.15,23.75658,49000
13/10/2020,23.91,24.049999,23.59,23.84,23.451632,66800
14/10/2020,23.76,24.02,23.360001,23.49,23.107334,103500
15/10/2020,23.209999,24,22.98,23.85,23.461468,110900
16/10/2020,23.709999,24.309999,23.57,24.049999,23.658211,77600
19/10/2020,24.15,24.17,23.610001,23.75,23.363096,62400
20/10/2020,23.940001,24.08,23.639999,23.77,23.382772,58300
21/10/2020,23.879999,24.059999,23.76,24.030001,23.638536,34500
22/10/2020,24.139999,24.65,23.950001,24.5,24.100878,46500
23/10/2020,24.559999,25.219999,24.559999,24.75,24.346806,59500
26/10/2020,24.49,24.49,23.709999,24.040001,23.648373,48400
27/10/2020,24.049999,24.379999,23.75,24.26,23.86479,88800
28/10/2020,24.07,26.18,23.6,25.5,25.084587,304500
29/10/2020,25.780001,26.23,25.07,25.700001,25.28133,123000
30/10/2020,25.76,26.129999,25.450001,25.809999,25.389536,121300
02/11/2020,26.139999,26.459999,25.950001,26.27,25.842045,87600
03/11/2020,26.51,27.93,26.5,27.74,27.288095,108900
04/11/2020,27.33,27.84,27.07,27.35,26.904448,69400
05/11/2020,27.48,28.26,27.42,27.780001,27.327444,47100
06/11/2020,27.889999,27.889999,26.969999,27.049999,26.705467,60400
09/11/2020,27.530001,28.610001,26.780001,26.790001,26.44878,128800
10/11/2020,27.129999,27.620001,26.51,27.139999,26.794321,60300
11/11/2020,27.110001,27.549999,26.690001,27.07,26.725214,49200
12/11/2020,26.99,27.379999,26.52,27.18,26.833815,68800
13/11/2020,27.360001,28.1,27.219999,27.879999,27.524893,60800
16/11/2020,28.530001,29.719999,28.25,29.219999,28.847828,134300
17/11/2020,29.299999,29.790001,28.73,28.92,28.551651,57200
18/11/2020,28.93,29.280001,28.610001,28.610001,28.245598,52200
19/11/2020,28.58,28.99,28.33,28.719999,28.354197,46300
20/11/2020,28.68,29,28.120001,28.889999,28.52203,63000
23/11/2020,29.24,29.389999,28.82,28.9,28.531904,58500
24/11/2020,29.15,29.5,28.950001,29.23,28.8577,112600
25/11/2020,29.1,29.27,28.540001,28.809999,28.44305,70000
27/11/2020,28.74,28.780001,28,28.459999,28.097507,28800
30/11/2020,28.389999,28.389999,27.15,27.209999,26.86343,108500
01/12/2020,27.35,28.76,27.309999,27.870001,27.515024,96000
02/12/2020,27.700001,27.860001,27.209999,27.690001,27.337317,55600
03/12/2020,27.74,28.17,27.6,27.73,27.376806,42700
04/12/2020,27.91,28.700001,27.879999,28.65,28.285086,43900
07/12/2020,28.639999,28.799999,28.290001,28.540001,28.176491,58300
08/12/2020,28.32,29.379999,28.23,29.26,28.88732,114400
09/12/2020,29.48,30.610001,29.379999,29.85,29.469807,177100
10/12/2020,31.99,31.99,29.9,30.719999,30.328724,262000
11/12/2020,30.610001,30.700001,29.639999,29.709999,29.331587,107400
14/12/2020,30.15,30.27,29.110001,29.450001,29.0749,100400
15/12/2020,29.77,29.77,29.370001,29.5,29.124264,83000
16/12/2020,29.51,29.540001,28.780001,29.049999,28.679993,91200
17/12/2020,29.01,29.780001,28.780001,29.75,29.371078,135100
18/12/2020,29.809999,30.559999,29.34,30,29.617891,232800
21/12/2020,29.799999,30.42,29.299999,30.200001,29.81535,92500
22/12/2020,30.33,30.610001,29.99,30.51,30.121399,71200
23/12/2020,30.549999,31.110001,30.379999,30.49,30.101652,81300
24/12/2020,30.709999,30.950001,30.280001,30.84,30.447195,29900
28/12/2020,31,31.59,30.99,31.4,31.000063,86500
29/12/2020,31.299999,31.75,30.42,30.76,30.368216,80400
30/12/2020,31.059999,31.67,30.889999,30.940001,30.545921,46500
31/12/2020,31,31.540001,30.91,31.32,30.921082,53200
04/01/2021,31.52,31.620001,30.709999,30.969999,30.575542,77900
05/01/2021,31,32.02,31,31.809999,31.40484,94900
06/01/2021,32.049999,34,32.049999,33.43,33.004211,157100
07/01/2021,34,34.43,33.66,33.98,33.547203,117700
08/01/2021,34.110001,34.18,33.25,33.630001,33.201664,92400
11/01/2021,33.25,33.91,33,33.119999,32.698151,78600
12/01/2021,33.369999,33.720001,33,33.240002,32.816624,82100
13/01/2021,33.130001,33.41,32.830002,33.349998,32.925228,76100
14/01/2021,33.619999,34.07,33.450001,33.939999,33.50771,90700
15/01/2021,33.689999,34.099998,33.169998,33.619999,33.191788,60100
19/01/2021,33.98,34.57,33.790001,34.02,33.586693,76900
20/01/2021,33.950001,34.639999,33.950001,34.41,33.971725,101600
21/01/2021,34.459999,35.02,34.400002,34.57,34.129688,95100
22/01/2021,34.259998,34.82,33.57,34.810001,34.366634,80700
25/01/2021,34.689999,35.41,34.349998,35.360001,34.909626,136800
26/01/2021,35.419998,36.119999,35.240002,35.98,35.521732,100900
27/01/2021,35.509998,35.630001,34.130001,34.73,34.287651,124600
28/01/2021,34.869999,34.869999,33.630001,33.669998,33.24115,118600
29/01/2021,33.59,34.23,32.990002,33.119999,32.698151,94000
01/02/2021,33.41,33.619999,33.110001,33.279999,32.856117,56100
02/02/2021,33.66,34.130001,33.380001,34.119999,33.685421,54700
03/02/2021,34.130001,34.349998,33.720001,33.98,33.547203,85300
04/02/2021,34.080002,35.240002,34.02,35,34.554211,59400
05/02/2021,35.259998,35.27,34.740002,35.110001,34.762131,49400
08/02/2021,35.330002,35.75,35.189999,35.75,35.39579,57100
09/02/2021,35.66,35.98,35.5,35.830002,35.474998,74500
10/02/2021,36,36.200001,35.439999,36.060001,35.702721,117500
11/02/2021,36.189999,36.810001,36.049999,36.57,36.207661,160300
12/02/2021,36.560001,36.700001,36.02,36.580002,36.217564,115100
16/02/2021,36.849998,36.849998,35.09,35.299999,34.950249,106200
17/02/2021,34.709999,34.810001,33.689999,34.790001,34.445301,90100
18/02/2021,34.630001,35.23,32.740002,34.34,33.999756,331300
19/02/2021,34.709999,34.919998,34.209999,34.459999,34.118572,96100
22/02/2021,34.130001,35.240002,34.130001,34.700001,34.356194,120400
23/02/2021,34.34,34.830002,33.740002,33.799999,33.465111,147800
24/02/2021,33.799999,34.119999,33.529999,33.860001,33.524517,104600
25/02/2021,33.849998,33.990002,33.130001,33.27,32.940357,80200
26/02/2021,33.049999,33.509998,32.709999,32.959999,32.633427,151300
01/03/2021,33.549999,34.18,33.549999,34.169998,33.831444,77800
02/03/2021,34.110001,34.41,33.369999,33.650002,33.316597,80300
03/03/2021,33.990002,34.25,33.450001,33.880001,33.544319,71700
04/03/2021,33.650002,33.959999,33.060001,33.23,32.900753,107000
05/03/2021,33.580002,34.119999,32.779999,34.060001,33.722534,114900
08/03/2021,34.950001,36.34,34.529999,36.060001,35.702721,129400
09/03/2021,36.330002,36.330002,35.689999,35.790001,35.435398,114400
10/03/2021,35.900002,36.84,35.869999,36.790001,36.425488,102200
11/03/2021,36.720001,36.939999,36.349998,36.52,36.158161,120900
12/03/2021,36.75,36.860001,36.080002,36.139999,35.781925,117500
15/03/2021,36,36.48,35.200001,36.48,36.118557,114200
16/03/2021,36.419998,36.5,35.549999,36.049999,35.692818,72200
17/03/2021,36.23,36.52,35.580002,36.27,35.910637,66000
18/03/2021,36.119999,36.959999,36.119999,36.810001,36.44529,91100
19/03/2021,36.82,38.220001,36.73,36.82,36.455189,391600
22/03/2021,36.950001,37.130001,36.099998,36.549999,36.187866,113000
23/03/2021,36.240002,36.52,35.27,35.380001,35.029457,111400
24/03/2021,35.790001,36.16,34.549999,34.650002,34.306694,119000
25/03/2021,34.389999,35.060001,33.709999,34.939999,34.593815,75700
26/03/2021,35.119999,35.290001,34.669998,35.240002,34.890842,54100
29/03/2021,34.959999,35.57,34.91,35.099998,34.752224,83300
30/03/2021,35.189999,35.68,34.950001,35.110001,34.762131,87100
31/03/2021,35.349998,36.48,34.98,35.189999,34.841335,221800
01/04/2021,35.27,36.34,35.099998,36.139999,35.781925,111400
05/04/2021,36.580002,36.849998,36.200001,36.529999,36.16806,114000
06/04/2021,36.650002,36.93,36.349998,36.66,36.296772,66100
07/04/2021,36.549999,36.68,35.57,35.759998,35.405689,83300
08/04/2021,35.75,35.790001,34.91,35.32,34.970051,116200
09/04/2021,35.380001,35.419998,35.09,35.220001,34.871044,52600
12/04/2021,35.130001,35.34,34.869999,35.23,34.880943,43200
13/04/2021,35.119999,35.610001,34.959999,35.279999,34.930447,53900
14/04/2021,35.25,36.389999,35.130001,36.099998,35.742321,84500
15/04/2021,36.290001,36.290001,35.25,35.5,35.148266,33800
16/04/2021,35.77,35.91,35.25,35.830002,35.474998,52100
19/04/2021,35.700001,36.119999,35.299999,35.84,35.484898,75500
20/04/2021,36.009998,36.139999,35.23,35.990002,35.633415,104600
21/04/2021,36.080002,36.639999,35.830002,36.029999,35.673016,55000
22/04/2021,36.900002,38.209999,36.380001,37.689999,37.316563,184800
23/04/2021,38.34,38.990002,37.77,37.919998,37.544289,107400
26/04/2021,38.279999,38.279999,37.549999,37.77,37.395775,172200
27/04/2021,37.93,38.18,37.630001,37.73,37.356171,85500
28/04/2021,37.790001,38.299999,37.310001,38.23,37.851215,63700
29/04/2021,38.34,38.34,37.59,37.810001,37.435379,53000
30/04/2021,37.630001,37.630001,36.880001,37.18,36.811623,76900
03/05/2021,37.220001,37.880001,37.220001,37.73,37.356171,51300
04/05/2021,37.630001,37.959999,37.349998,37.630001,37.257164,87900
05/05/2021,38.560001,39.330002,38.389999,38.619999,38.237354,86800
06/05/2021,38.619999,38.75,38.09,38.529999,38.148243,56200
07/05/2021,38.5,39.209999,38.439999,38.639999,38.356705,41800
10/05/2021,38.5,38.619999,37.869999,37.869999,37.59235,74500
11/05/2021,37.75,37.75,36.84,37.150002,36.877632,65700
12/05/2021,37.139999,37.369999,36.549999,36.580002,36.31181,58400
13/05/2021,36.5,37.209999,36.5,37.119999,36.847847,31000
14/05/2021,37.77,38.130001,37.290001,38.049999,37.771027,85700
17/05/2021,37.919998,38.41,37.630001,37.93,37.651909,48700
18/05/2021,37.889999,38.290001,37.41,37.439999,37.165497,104100
19/05/2021,37.169998,37.459999,36.709999,37.439999,37.165497,69900
20/05/2021,37.57,38.209999,37.380001,37.950001,37.671764,62400
21/05/2021,38.139999,38.43,38.029999,38.25,37.969563,55300
24/05/2021,38.34,38.610001,38.18,38.25,37.969563,56400
25/05/2021,38.23,38.419998,37.220001,37.23,36.957043,68800
26/05/2021,37.23,37.700001,37.099998,37.490002,37.215134,60200
27/05/2021,37.970001,38.59,37.93,38.259998,37.979488,125700
28/05/2021,38.48,38.48,37.900002,38.360001,38.078758,44000
01/06/2021,38.599998,39.130001,38.389999,38.779999,38.495674,65500
02/06/2021,39,39,38.02,38.080002,37.800812,47600
03/06/2021,37.880001,37.880001,37.360001,37.75,37.473228,69700
04/06/2021,37.779999,38.240002,37.48,38.040001,37.761101,71300
07/06/2021,38.040001,38.66,38.009998,38.470001,38.18795,52000
08/06/2021,38.59,39.02,38.43,38.720001,38.436115,58900
09/06/2021,39.580002,39.650002,38.580002,38.720001,38.436115,134900
10/06/2021,38.540001,38.57,37.82,37.82,37.542717,84600
11/06/2021,37.810001,38.790001,37.77,38.240002,37.959637,117600
14/06/2021,38.27,38.689999,37.700001,37.740002,37.463303,65600
15/06/2021,37.970001,38.549999,37.740002,38.209999,37.929855,61700
16/06/2021,37.959999,38.450001,37.959999,38.119999,37.840515,90600
17/06/2021,38.099998,38.41,37.540001,37.68,37.40374,68300
18/06/2021,37.23,37.25,36.77,37,36.728725,139600
21/06/2021,37.34,37.48,36.91,37.400002,37.125797,77200
22/06/2021,37.25,37.57,36.830002,36.889999,36.619534,110000
23/06/2021,37.009998,37.009998,36.369999,36.48,36.21254,129000
24/06/2021,36.619999,37.41,36.419998,37.310001,37.036457,57400
25/06/2021,37.150002,37.619999,36.799999,36.799999,36.530193,345800
28/06/2021,36.669998,36.91,36.049999,36.869999,36.599678,114700
29/06/2021,36.84,37.240002,36.709999,36.779999,36.510338,96500
30/06/2021,36.599998,37.369999,36.529999,36.970001,36.698948,79700
01/07/2021,37.07,37.27,36.5,36.57,36.30188,133400
02/07/2021,36.799999,36.799999,36.25,36.619999,36.351513,65300
06/07/2021,36.75,36.75,35.639999,35.779999,35.51767,53700
07/07/2021,35.700001,35.830002,35.189999,35.299999,35.041191,85700
08/07/2021,34.66,35.220001,34.169998,34.610001,34.356251,76200
09/07/2021,34.950001,35.130001,34.700001,34.830002,34.574638,43200
12/07/2021,34.720001,35.939999,34.630001,35.75,35.487896,114500
13/07/2021,35.43,35.720001,35.049999,35.330002,35.070969,48600
14/07/2021,35.560001,35.560001,35.07,35.18,34.922073,104900
15/07/2021,34.900002,35.599998,34.799999,35.240002,34.981636,82900
16/07/2021,35.529999,35.689999,34.98,34.98,34.723537,41000
19/07/2021,34.509998,35.139999,34.099998,35.080002,34.822803,109400
20/07/2021,35.369999,36.369999,35.169998,35.900002,35.636795,78400
21/07/2021,36.259998,36.639999,35.849998,35.950001,35.686428,87100
22/07/2021,35.84,35.84,35.360001,35.5,35.239727,29600
23/07/2021,35.73,35.939999,35.240002,35.84,35.577232,36700
26/07/2021,36.049999,36.580002,36.049999,36.540001,36.272102,102600
27/07/2021,36.25,36.540001,35.889999,36.5,36.232391,46400
28/07/2021,36.919998,37.18,35.18,36.25,35.984226,121900
29/07/2021,36.700001,37.860001,36.509998,37.150002,36.877632,116700
30/07/2021,36.869999,37.5,36.830002,37.18,36.90741,87700
02/08/2021,37.490002,37.689999,36.630001,36.73,36.460705,63000
03/08/2021,36.860001,37.209999,36.389999,36.990002,36.7188,88500
04/08/2021,36.880001,37.310001,36.650002,36.93,36.659241,64100
05/08/2021,37.060001,37.200001,36.580002,36.599998,36.331661,55400
06/08/2021,36.77,37.330002,36.73,37.009998,36.839306,69100
09/08/2021,37.040001,37.470001,36.759998,37.259998,37.088154,54100
10/08/2021,37.27,37.990002,37.27,37.919998,37.74511,76000
11/08/2021,38.049999,38.759998,37.810001,38.700001,38.521515,66700
12/08/2021,38.91,39.880001,38.860001,39.48,39.297913,262500
13/08/2021,39.450001,39.919998,38.669998,38.869999,38.690727,108100
16/08/2021,38.830002,40.02,38.830002,39.48,39.297913,106100
17/08/2021,39.400002,39.68,38.75,38.939999,38.760406,118200
18/08/2021,38.860001,40.830002,38.709999,39.470001,39.28796,125600
19/08/2021,39.369999,39.59,39.09,39.299999,39.118744,102200
20/08/2021,39.27,40.169998,39.080002,40.110001,39.925011,181300
23/08/2021,40.259998,41.709999,40.200001,41.330002,41.139385,115000
24/08/2021,41.299999,42.580002,41.299999,42.369999,42.174583,152900
25/08/2021,42.529999,44.119999,42.529999,43.540001,43.339195,167400
26/08/2021,43.540001,45.59,43.540001,44.779999,44.573471,261500
27/08/2021,44.84,45.889999,44.84,45.400002,45.190617,208600
30/08/2021,45.669998,45.830002,45.099998,45.290001,45.08112,230000
31/08/2021,45.200001,46.5,44.889999,46.23,46.016785,179500
01/09/2021,46.169998,47.68,45.939999,47.200001,46.982311,211500
02/09/2021,47.639999,48.610001,47.580002,48.18,47.95779,206100
03/09/2021,48.450001,48.52,47.5,48.23,48.007561,139700
07/09/2021,48.029999,48.080002,46.290001,46.709999,46.494572,136700
08/09/2021,46.470001,47.139999,46.400002,46.610001,46.395031,126500
09/09/2021,46.639999,47.84,46.299999,46.299999,46.08646,174400
10/09/2021,46.369999,46.439999,45.77,46.099998,45.887383,109500
13/09/2021,46.099998,46.23,45.299999,45.580002,45.369785,148000
14/09/2021,45.5,45.529999,45.009998,45.169998,44.96167,164700
15/09/2021,45.02,45.700001,45.02,45.27,45.061211,136000
16/09/2021,45.700001,46.18,45.59,46,45.787846,171900
17/09/2021,46.119999,46.200001,45.450001,45.759998,45.54895,281500
20/09/2021,44.970001,45.959999,44.630001,44.91,44.702869,216900
21/09/2021,45,45.25,42.560001,42.650002,42.453297,256600
22/09/2021,42.860001,43.959999,42.450001,43.419998,43.219742,180600
23/09/2021,43.599998,44.169998,43.5,43.900002,43.697529,168400
24/09/2021,43.759998,44.720001,43.5,44.200001,43.996147,144300
27/09/2021,44.25,45.330002,44.25,44.950001,44.742687,151900
28/09/2021,45.040001,45.290001,44.41,44.470001,44.264904,128000
29/09/2021,44.599998,45.07,44.130001,44.779999,44.573471,179700
30/09/2021,44.98,45.860001,44.48,44.59,44.384346,168800
01/10/2021,44.91,45.41,44.290001,45.16,44.951717,84500
04/10/2021,45.150002,45.150002,44.450001,44.639999,44.434116,75200
05/10/2021,44.669998,45.549999,43.869999,45.02,44.812366,131900
06/10/2021,44.529999,45.310001,44.150002,45.169998,44.96167,69500
07/10/2021,45.389999,45.959999,45.279999,45.669998,45.459366,46300
08/10/2021,45.73,45.970001,45.400002,45.66,45.449413,32100
11/10/2021,45.66,46.150002,45.389999,45.57,45.359829,32200
12/10/2021,45.779999,46.049999,45.209999,45.619999,45.409595,143900
13/10/2021,45.810001,45.919998,45.169998,45.25,45.041302,27900
14/10/2021,45.560001,45.98,44.849998,44.950001,44.742687,81000
15/10/2021,45.610001,45.630001,44.16,44.16,43.956333,110500
18/10/2021,44.150002,45.310001,44,45.02,44.812366,111100
19/10/2021,45.279999,45.279999,44.049999,44.150002,43.946381,43200
20/10/2021,43.950001,44.630001,43.810001,43.990002,43.787117,39600
21/10/2021,44.150002,44.540001,44.080002,44.240002,44.035961,91100
22/10/2021,44.400002,44.880001,43.91,44.23,44.026005,110900
25/10/2021,44.540001,44.959999,43.380001,43.970001,43.767208,105300
26/10/2021,43.990002,44.740002,43.740002,44.369999,44.165363,79700
27/10/2021,43.93,44.459999,43.779999,43.959999,43.757252,93100
28/10/2021,45.700001,50.669998,45.700001,50.220001,49.988384,309000
29/10/2021,50.869999,52.439999,50.5,51.450001,51.212711,198500
01/11/2021,51.509998,52,49.59,50.779999,50.545799,177600
02/11/2021,50.779999,50.779999,48.48,48.619999,48.395763,152300
03/11/2021,48.369999,49.110001,48.220001,48.299999,48.077236,83200
04/11/2021,48.389999,48.720001,48.009998,48.439999,48.216591,71100
05/11/2021,48.970001,50.110001,48.91,49,48.774006,192600
08/11/2021,49.369999,50.639999,49.060001,49.869999,49.754734,175100
09/11/2021,50.049999,50.790001,49.400002,49.490002,49.375614,197100
10/11/2021,49.360001,50.07,48.509998,48.779999,48.667255,134900
11/11/2021,48.860001,50.639999,48.849998,49.970001,49.854507,89900
12/11/2021,49.619999,50.73,49.619999,50.419998,50.303463,86000
15/11/2021,50.450001,51.360001,50.189999,50.470001,50.353352,168500
16/11/2021,50.540001,51.700001,50.349998,51.57,51.450806,115700
17/11/2021,51.310001,52.259998,51.209999,51.860001,51.740139,228600
18/11/2021,51.990002,52.599998,51.360001,51.740002,51.620415,127200
19/11/2021,51.48,52.759998,51.48,51.759998,51.640366,206400
22/11/2021,51.93,53.32,51.540001,52.639999,52.518333,210300
23/11/2021,52.939999,54.470001,52.939999,54.119999,53.994911,237600
24/11/2021,54.029999,55.02,53.830002,53.860001,53.735516,175800
26/11/2021,52.900002,53.18,51.919998,52.950001,52.827618,106400
29/11/2021,53.130001,53.259998,51.02,51.150002,51.03178,160300
30/11/2021,51,52.599998,50.810001,51.740002,51.620415,325400
01/12/2021,52.669998,53.43,52,52.07,51.94965,200100
02/12/2021,52.080002,54.299999,52.040001,53.880001,53.75547,168100
03/12/2021,53.959999,54.029999,52.790001,53.259998,53.136898,179700
06/12/2021,53.580002,54.73,52.98,54.509998,54.38401,159200
07/12/2021,54.959999,56.560001,54.950001,55.459999,55.331814,186500
08/12/2021,55.830002,57.869999,55.619999,57.540001,57.407009,233500
09/12/2021,57.080002,58.330002,55.330002,55.439999,55.311859,215400
10/12/2021,55.299999,56.82,55.299999,56.23,56.100037,152000
13/12/2021,55.950001,57.27,55.43,56.16,56.030197,202200
14/12/2021,55.990002,57.540001,55.52,55.630001,55.501423,268900
15/12/2021,55.720001,58.209999,55.599998,57.529999,57.39703,276800
16/12/2021,57.779999,58.689999,57.59,58.330002,58.195183,503800
17/12/2021,58.07,60.110001,57.560001,59.419998,59.282661,483000
20/12/2021,59.259998,59.549999,56,59.240002,59.103081,336000
21/12/2021,59.639999,60.970001,59.240002,60.889999,60.749264,190500
22/12/2021,60.880001,63.09,60.880001,63.080002,62.934204,201500
23/12/2021,63.099998,63.900002,62.459999,62.66,62.515175,255200
27/12/2021,63.09,64.110001,62.099998,63.799999,63.652538,189400
28/12/2021,64.400002,66.290001,64.129997,64.989998,64.83979,142900
29/12/2021,65.199997,66.330002,64.830002,65.910004,65.757668,134300
30/12/2021,65.910004,66.330002,64.410004,64.489998,64.340942,129700
31/12/2021,64.870003,65.379997,64.419998,64.440002,64.291061,204200
03/01/2022,64.639999,65.160004,61.049999,61.740002,61.597301,180800
04/01/2022,61.959999,62.990002,61.389999,61.5,61.357857,146400
05/01/2022,61.470001,61.650002,58.810001,59.119999,58.983356,230900
06/01/2022,58.919998,59.869999,58.16,59.470001,59.33255,115900
07/01/2022,59.200001,59.459999,57.759998,57.970001,57.836018,108200
10/01/2022,57.43,57.57,56.389999,57.400002,57.267334,122900
11/01/2022,57.360001,57.360001,56.34,57.32,57.187515,117100
12/01/2022,57.330002,58.360001,56.990002,57.830002,57.696339,210500
13/01/2022,58.279999,58.470001,57.349998,58.189999,58.055504,81100
14/01/2022,57.75,58.310001,57.310001,58.099998,57.965714,139300
18/01/2022,57.799999,57.799999,55.610001,55.720001,55.591217,122500
19/01/2022,56.049999,56.049999,54.630001,54.66,54.533665,204300
20/01/2022,54.75,55.220001,52.349998,52.48,52.358704,214900
21/01/2022,52.450001,53.029999,51.509998,52.080002,51.959629,210300
24/01/2022,51.299999,53.209999,50.279999,52.830002,52.707897,138000
25/01/2022,52.18,52.540001,50.849998,50.900002,50.782356,125100
26/01/2022,51.639999,52.34,49.369999,49.919998,49.804619,141600
27/01/2022,50.049999,50.799999,47.880001,48.130001,48.018757,144200
28/01/2022,48.389999,48.759998,46.799999,48.75,48.637325,149000
31/01/2022,48.52,50.32,48.419998,50.32,50.203697,134900
01/02/2022,50.34,50.779999,49.02,49.830002,49.714828,92400
02/02/2022,50.130001,50.130001,48.560001,49.349998,49.235935,122000
03/02/2022,48.790001,49.740002,48.619999,48.889999,48.777,82500
04/02/2022,48.369999,49.34,47.18,48.689999,48.689999,188300
07/02/2022,49.049999,50.66,49.049999,50.07,50.07,230400
08/02/2022,50.130001,51.150002,50.029999,50.900002,50.900002,173600
09/02/2022,51.540001,52.369999,51.529999,52.290001,52.290001,221700
10/02/2022,51.720001,52.310001,51.029999,51.310001,51.310001,189700
11/02/2022,51.450001,51.939999,50.080002,50.509998,50.509998,93900
14/02/2022,50.599998,51.630001,50.400002,50.799999,50.799999,193000
15/02/2022,51.700001,52.099998,50.939999,51.610001,51.610001,113100
16/02/2022,51.59,51.849998,50.580002,51.09,51.09,104900
17/02/2022,50.84,50.84,49.099998,49.32,49.32,110600
18/02/2022,49.080002,49.950001,48.669998,49.5,49.5,130500
22/02/2022,49.080002,50.540001,48.970001,49.490002,49.490002,107200
23/02/2022,50.099998,50.32,49.049999,49.48,49.48,125300
24/02/2022,48.349998,49.709999,47.07,48.98,48.98,189600
25/02/2022,49.310001,50.369999,47.529999,50.34,50.34,136900
